parity_permille,error_per_base,reads_per_strand,dropout,seed,payload_bytes,strands,nt_per_byte,exact,header_lost,guaranteed_exact_frac,actually_correct_frac,reads_total,intact,repaired,consensus,rebuilt_by_parity,unrecoverable_strands,decode_ms,error
100,0.003,1,0.05,1008322,20000,728,"5.8240",0,0,"0.87200","0.91605",692,436,191,0,0,80,"68.9",""
100,0.003,1,0.05,2008325,20000,728,"5.8240",0,0,"0.87840","0.91430",692,432,200,0,0,76,"34.9",""
100,0.003,1,0.05,3008328,20000,728,"5.8240",0,0,"0.84960","0.90420",689,415,202,0,0,94,"33.0",""
100,0.003,1,0.05,4008331,20000,728,"5.8240",0,0,"0.87520","0.91165",690,414,215,0,0,78,"22.5",""
100,0.003,1,0.05,5008334,20000,728,"5.8240",0,0,"0.87680","0.91300",696,439,188,0,0,77,"19.2",""
100,0.003,1,0.05,6008337,20000,728,"5.8240",0,0,"0.87360","0.91180",693,435,188,0,0,79,"22.8",""
100,0.003,1,0.05,7008340,20000,728,"5.8240",0,0,"0.85440","0.89860",695,422,191,0,0,91,"27.4",""
100,0.003,1,0.05,8008343,20000,728,"5.8240",0,0,"0.86560","0.89920",687,446,176,0,0,84,"20.4",""
100,0.003,1,0.05,9008346,20000,728,"5.8240",0,0,"0.85120","0.89905",697,420,195,0,0,93,"24.9",""
100,0.003,1,0.05,10008349,20000,728,"5.8240",0,0,"0.87840","0.90990",690,435,203,0,0,76,"18.2",""
100,0.003,2,0.05,1016241,20000,728,"5.8240",1,0,"1.00000","1.00000",1390,901,103,0,37,0,"21.9",""
100,0.003,2,0.05,2016244,20000,728,"5.8240",1,0,"1.00000","1.00000",1376,864,114,0,42,0,"22.7",""
100,0.003,2,0.05,3016247,20000,728,"5.8240",1,0,"1.00000","1.00000",1376,845,134,0,39,0,"32.0",""
100,0.003,2,0.05,4016250,20000,728,"5.8240",1,0,"1.00000","1.00000",1382,845,129,0,42,0,"22.7",""
100,0.003,2,0.05,5016253,20000,728,"5.8240",1,0,"1.00000","1.00000",1376,825,127,0,44,0,"31.5",""
100,0.003,2,0.05,6016256,20000,728,"5.8240",1,0,"1.00000","1.00000",1372,829,121,0,42,0,"28.2",""
100,0.003,2,0.05,7016259,20000,728,"5.8240",1,0,"1.00000","1.00000",1396,887,104,0,29,0,"30.0",""
100,0.003,2,0.05,8016262,20000,728,"5.8240",1,0,"1.00000","1.00000",1404,877,132,0,21,0,"24.9",""
100,0.003,2,0.05,9016265,20000,728,"5.8240",1,0,"1.00000","1.00000",1382,847,124,0,34,0,"21.2",""
100,0.003,2,0.05,10016268,20000,728,"5.8240",1,0,"1.00000","1.00000",1390,870,133,0,39,0,"27.9",""
100,0.003,3,0.05,1024160,20000,728,"5.8240",1,0,"1.00000","1.00000",2049,1231,107,0,41,0,"40.9",""
100,0.003,3,0.05,2024163,20000,728,"5.8240",1,0,"1.00000","1.00000",2085,1305,109,0,31,0,"37.1",""
100,0.003,3,0.05,3024166,20000,728,"5.8240",1,0,"1.00000","1.00000",2094,1243,121,0,30,0,"32.9",""
100,0.003,3,0.05,4024169,20000,728,"5.8240",1,0,"1.00000","1.00000",2067,1275,90,0,38,0,"30.7",""
100,0.003,3,0.05,5024172,20000,728,"5.8240",1,0,"1.00000","1.00000",2055,1229,128,0,38,0,"41.0",""
100,0.003,3,0.05,6024175,20000,728,"5.8240",1,0,"1.00000","1.00000",2079,1321,102,0,28,0,"33.4",""
100,0.003,3,0.05,7024178,20000,728,"5.8240",1,0,"1.00000","1.00000",2061,1272,124,0,34,0,"28.6",""
100,0.003,3,0.05,8024181,20000,728,"5.8240",1,0,"1.00000","1.00000",2079,1288,112,0,28,0,"36.1",""
100,0.003,3,0.05,9024184,20000,728,"5.8240",1,0,"1.00000","1.00000",2049,1333,92,0,42,0,"32.4",""
100,0.003,3,0.05,10024187,20000,728,"5.8240",1,0,"1.00000","1.00000",2085,1323,93,0,32,0,"28.1",""
100,0.01,1,0.05,1009022,20000,728,"5.8240",0,0,"0.51360","0.68900",687,130,230,0,0,304,"65.1",""
100,0.01,1,0.05,2009025,20000,728,"5.8240",0,0,"0.52640","0.69840",702,147,226,0,0,296,"50.4",""
100,0.01,1,0.05,3009028,20000,728,"5.8240",0,0,"0.50880","0.68355",690,142,221,0,0,307,"49.4",""
100,0.01,1,0.05,4009031,20000,728,"5.8240",0,0,"0.48320","0.66580",692,133,216,0,0,323,"74.2",""
100,0.01,1,0.05,5009034,20000,728,"5.8240",0,0,"0.52800","0.70540",705,170,209,0,0,295,"56.8",""
100,0.01,1,0.05,6009037,20000,728,"5.8240",0,0,"0.48800","0.69245",695,145,202,0,0,320,"57.9",""
100,0.01,1,0.05,7009040,20000,728,"5.8240",0,0,"0.47200","0.68620",687,126,210,0,0,330,"61.6",""
100,0.01,1,0.05,8009043,20000,728,"5.8240",0,0,"0.52800","0.70050",695,166,205,0,0,295,"69.0",""
100,0.01,1,0.05,9009046,20000,728,"5.8240",0,0,"0.50400","0.69115",684,138,219,0,0,310,"47.8",""
100,0.01,1,0.05,10009049,20000,728,"5.8240",0,0,"0.51360","0.69095",703,137,228,0,0,304,"68.3",""
100,0.01,2,0.05,1016941,20000,728,"5.8240",0,0,"0.74080","0.85375",1380,255,317,21,0,162,"168.4",""
100,0.01,2,0.05,2016944,20000,728,"5.8240",0,0,"0.74080","0.84695",1358,277,296,16,0,162,"167.4",""
100,0.01,2,0.05,3016947,20000,728,"5.8240",0,0,"0.79840","0.89175",1390,286,332,20,0,126,"157.7",""
100,0.01,2,0.05,4016950,20000,728,"5.8240",0,0,"0.73600","0.85225",1396,259,313,11,0,165,"179.8",""
100,0.01,2,0.05,5016953,20000,728,"5.8240",0,0,"0.76960","0.87805",1394,253,345,16,0,144,"140.8",""
100,0.01,2,0.05,6016956,20000,728,"5.8240",0,0,"0.76480","0.87535",1386,262,326,13,0,147,"157.2",""
100,0.01,2,0.05,7016959,20000,728,"5.8240",0,0,"0.76960","0.86480",1396,282,314,10,0,144,"160.2",""
100,0.01,2,0.05,8016962,20000,728,"5.8240",0,0,"0.77280","0.87985",1400,308,310,19,0,142,"163.5",""
100,0.01,2,0.05,9016965,20000,728,"5.8240",0,0,"0.76320","0.85475",1370,281,311,14,0,148,"133.7",""
100,0.01,2,0.05,10016968,20000,728,"5.8240",0,0,"0.76800","0.86850",1382,265,313,29,0,145,"171.1",""
100,0.01,3,0.05,1024860,20000,728,"5.8240",0,0,"0.92480","0.94385",2067,420,347,36,17,47,"191.4",""
100,0.01,3,0.05,2024863,20000,728,"5.8240",0,0,"0.88800","0.91940",2073,407,375,39,0,70,"206.6",""
100,0.01,3,0.05,3024866,20000,728,"5.8240",0,0,"0.87200","0.89910",2055,416,338,30,0,80,"185.7",""
100,0.01,3,0.05,4024869,20000,728,"5.8240",0,0,"0.91680","0.93800",2064,406,360,33,20,52,"194.7",""
100,0.01,3,0.05,5024872,20000,728,"5.8240",0,0,"0.93440","0.96195",2094,403,379,38,18,41,"195.9",""
100,0.01,3,0.05,6024875,20000,728,"5.8240",0,0,"0.95840","0.96715",2082,419,375,34,34,26,"212.4",""
100,0.01,3,0.05,7024878,20000,728,"5.8240",0,0,"0.93440","0.95400",2100,425,357,36,18,41,"201.1",""
100,0.01,3,0.05,8024881,20000,728,"5.8240",0,0,"0.92160","0.94890",2088,430,347,25,15,49,"165.4",""
100,0.01,3,0.05,9024884,20000,728,"5.8240",0,0,"0.92320","0.94685",2082,381,372,41,18,48,"189.8",""
100,0.01,3,0.05,10024887,20000,728,"5.8240",1,0,"1.00000","1.00000",2100,415,385,30,55,0,"179.6",""
100,0.02,1,0.05,1010022,20000,728,"5.8240",0,0,"0.16160","0.42970",692,32,84,1,0,524,"91.5",""
100,0.02,1,0.05,2010025,20000,728,"5.8240",0,0,"0.15360","0.41835",693,27,83,1,0,529,"83.1",""
100,0.02,1,0.05,3010028,20000,728,"5.8240",0,0,"0.15840","0.42140",685,27,86,1,0,526,"80.6",""
100,0.02,1,0.05,4010031,20000,728,"5.8240",0,0,"0.18880","0.49445",686,26,103,1,0,507,"83.7",""
100,0.02,1,0.05,5010034,20000,728,"5.8240",0,0,"0.14080","0.41840",682,19,82,1,0,537,"101.0",""
100,0.02,1,0.05,6010037,20000,728,"5.8240",0,0,"0.14560","0.41605",697,22,86,2,0,534,"96.7",""
100,0.02,1,0.05,7010040,20000,728,"5.8240",0,0,"0.15840","0.42105",684,24,87,1,0,526,"92.9",""
100,0.02,1,0.05,8010043,20000,728,"5.8240",0,0,"0.15840","0.42970",686,32,81,1,0,526,"75.9",""
100,0.02,1,0.05,9010046,20000,728,"5.8240",0,0,"0.15040","0.39225",688,29,86,2,0,531,"95.0",""
100,0.02,1,0.05,10010049,20000,728,"5.8240",0,0,"0.16640","0.43245",695,36,86,0,0,521,"93.8",""
100,0.02,2,0.05,1017941,20000,728,"5.8240",0,0,"0.28320","0.58340",1374,53,154,17,0,448,"314.0",""
100,0.02,2,0.05,2017944,20000,728,"5.8240",0,0,"0.32000","0.62560",1384,53,162,21,0,425,"310.7",""
100,0.02,2,0.05,3017947,20000,728,"5.8240",0,0,"0.35040","0.61990",1366,64,165,22,0,406,"307.4",""
100,0.02,2,0.05,4017950,20000,728,"5.8240",0,0,"0.31520","0.60815",1366,48,150,29,0,428,"351.3",""
100,0.02,2,0.05,5017953,20000,728,"5.8240",0,0,"0.32640","0.62980",1386,54,165,17,0,421,"323.7",""
100,0.02,2,0.05,6017956,20000,728,"5.8240",0,0,"0.33760","0.62025",1406,62,148,27,0,414,"332.2",""
100,0.02,2,0.05,7017959,20000,728,"5.8240",0,0,"0.33920","0.61890",1376,57,163,23,0,413,"339.9",""
100,0.02,2,0.05,8017962,20000,728,"5.8240",0,0,"0.32480","0.62100",1378,64,149,23,0,422,"327.0",""
100,0.02,2,0.05,9017965,20000,728,"5.8240",0,0,"0.32000","0.58615",1372,50,151,31,0,425,"323.3",""
100,0.02,2,0.05,10017968,20000,728,"5.8240",0,0,"0.35040","0.63185",1376,48,185,12,0,406,"329.4",""
100,0.02,3,0.05,1025860,20000,728,"5.8240",0,0,"0.60320","0.76605",2067,98,219,113,0,248,"521.1",""
100,0.02,3,0.05,2025863,20000,728,"5.8240",0,0,"0.58720","0.75415",2064,81,215,123,0,258,"494.0",""
100,0.02,3,0.05,3025866,20000,728,"5.8240",0,0,"0.56800","0.75740",2094,81,223,117,0,270,"498.9",""
100,0.02,3,0.05,4025869,20000,728,"5.8240",0,0,"0.54720","0.73985",2049,64,226,105,0,283,"484.3",""
100,0.02,3,0.05,5025872,20000,728,"5.8240",0,0,"0.57120","0.76005",2064,82,226,102,0,268,"483.9",""
100,0.02,3,0.05,6025875,20000,728,"5.8240",0,0,"0.55520","0.73895",2058,75,214,122,0,278,"493.6",""
100,0.02,3,0.05,7025878,20000,728,"5.8240",0,0,"0.57280","0.75295",2070,82,226,107,0,267,"446.2",""
100,0.02,3,0.05,8025881,20000,728,"5.8240",0,0,"0.54240","0.74290",2082,76,200,121,0,286,"464.5",""
100,0.02,3,0.05,9025884,20000,728,"5.8240",0,0,"0.53600","0.72310",2073,70,223,111,0,290,"505.7",""
100,0.02,3,0.05,10025887,20000,728,"5.8240",0,0,"0.59200","0.76775",2091,80,224,114,0,255,"459.1",""
250,0.003,1,0.05,1008472,20000,822,"6.5760",1,0,"1.00000","1.00000",787,459,223,0,94,0,"23.2",""
250,0.003,1,0.05,2008475,20000,822,"6.5760",1,0,"1.00000","1.00000",777,466,213,0,96,0,"25.3",""
250,0.003,1,0.05,3008478,20000,822,"6.5760",1,0,"1.00000","1.00000",794,482,210,0,102,0,"29.2",""
250,0.003,1,0.05,4008481,20000,822,"6.5760",1,0,"1.00000","1.00000",782,479,222,0,89,0,"28.9",""
250,0.003,1,0.05,5008484,20000,822,"6.5760",1,0,"1.00000","1.00000",784,476,205,0,106,0,"20.4",""
250,0.003,1,0.05,6008487,20000,822,"6.5760",1,0,"1.00000","1.00000",790,466,207,0,102,0,"28.7",""
250,0.003,1,0.05,7008490,20000,822,"6.5760",1,0,"1.00000","1.00000",787,456,242,0,92,0,"38.5",""
250,0.003,1,0.05,8008493,20000,822,"6.5760",1,0,"1.00000","1.00000",781,483,198,0,96,0,"24.6",""
250,0.003,1,0.05,9008496,20000,822,"6.5760",1,0,"1.00000","1.00000",773,494,205,0,83,0,"20.5",""
250,0.003,1,0.05,10008499,20000,822,"6.5760",1,0,"1.00000","1.00000",787,480,194,0,104,0,"26.8",""
250,0.003,2,0.05,1016391,20000,822,"6.5760",1,0,"1.00000","1.00000",1572,961,142,0,40,0,"24.0",""
250,0.003,2,0.05,2016394,20000,822,"6.5760",1,0,"1.00000","1.00000",1568,960,140,0,39,0,"32.7",""
250,0.003,2,0.05,3016397,20000,822,"6.5760",1,0,"1.00000","1.00000",1580,994,135,0,33,0,"22.6",""
250,0.003,2,0.05,4016400,20000,822,"6.5760",1,0,"1.00000","1.00000",1552,954,135,0,45,0,"24.4",""
250,0.003,2,0.05,5016403,20000,822,"6.5760",1,0,"1.00000","1.00000",1560,980,129,0,41,0,"22.9",""
250,0.003,2,0.05,6016406,20000,822,"6.5760",1,0,"1.00000","1.00000",1554,975,145,0,40,0,"22.6",""
250,0.003,2,0.05,7016409,20000,822,"6.5760",1,0,"1.00000","1.00000",1544,936,144,0,49,0,"27.7",""
250,0.003,2,0.05,8016412,20000,822,"6.5760",1,0,"1.00000","1.00000",1560,995,125,0,35,0,"27.5",""
250,0.003,2,0.05,9016415,20000,822,"6.5760",1,0,"1.00000","1.00000",1576,994,139,0,40,0,"23.6",""
250,0.003,2,0.05,10016418,20000,822,"6.5760",1,0,"1.00000","1.00000",1568,977,139,0,33,0,"32.7",""
250,0.003,3,0.05,1024310,20000,822,"6.5760",1,0,"1.00000","1.00000",2322,1441,116,0,34,0,"29.6",""
250,0.003,3,0.05,2024313,20000,822,"6.5760",1,0,"1.00000","1.00000",2352,1452,121,0,27,0,"29.0",""
250,0.003,3,0.05,3024316,20000,822,"6.5760",1,0,"1.00000","1.00000",2340,1457,105,0,34,0,"32.5",""
250,0.003,3,0.05,4024319,20000,822,"6.5760",1,0,"1.00000","1.00000",2328,1440,119,0,36,0,"30.0",""
250,0.003,3,0.05,5024322,20000,822,"6.5760",1,0,"1.00000","1.00000",2373,1454,132,0,20,0,"32.7",""
250,0.003,3,0.05,6024325,20000,822,"6.5760",1,0,"1.00000","1.00000",2370,1478,120,0,27,0,"33.5",""
250,0.003,3,0.05,7024328,20000,822,"6.5760",1,0,"1.00000","1.00000",2343,1446,116,0,34,0,"38.2",""
250,0.003,3,0.05,8024331,20000,822,"6.5760",1,0,"1.00000","1.00000",2355,1453,122,0,30,0,"35.4",""
250,0.003,3,0.05,9024334,20000,822,"6.5760",1,0,"1.00000","1.00000",2364,1438,137,0,31,0,"44.4",""
250,0.003,3,0.05,10024337,20000,822,"6.5760",1,0,"1.00000","1.00000",2358,1413,128,0,28,0,"31.9",""
250,0.01,1,0.05,1009172,20000,822,"6.5760",0,0,"0.50400","0.69580",776,162,254,0,0,310,"59.9",""
250,0.01,1,0.05,2009175,20000,822,"6.5760",0,0,"0.48960","0.68795",773,157,241,0,0,319,"57.0",""
250,0.01,1,0.05,3009178,20000,822,"6.5760",0,0,"0.46240","0.69720",784,147,232,0,0,336,"64.8",""
250,0.01,1,0.05,4009181,20000,822,"6.5760",0,0,"0.50720","0.70295",777,175,227,0,0,308,"66.2",""
250,0.01,1,0.05,5009184,20000,822,"6.5760",0,0,"0.50080","0.70295",780,164,245,0,0,312,"82.1",""
250,0.01,1,0.05,6009187,20000,822,"6.5760",0,0,"0.52960","0.71315",779,162,258,0,0,294,"81.5",""
250,0.01,1,0.05,7009190,20000,822,"6.5760",0,0,"0.50080","0.70115",789,163,234,0,0,312,"68.0",""
250,0.01,1,0.05,8009193,20000,822,"6.5760",0,0,"0.47520","0.68300",789,142,248,0,0,328,"63.0",""
250,0.01,1,0.05,9009196,20000,822,"6.5760",0,0,"0.52160","0.70475",786,172,251,0,0,299,"67.7",""
250,0.01,1,0.05,10009199,20000,822,"6.5760",0,0,"0.49920","0.69695",777,162,243,0,0,313,"66.5",""
250,0.01,2,0.05,1017091,20000,822,"6.5760",0,0,"0.81760","0.89480",1562,320,360,20,30,114,"189.5",""
250,0.01,2,0.05,2017094,20000,822,"6.5760",0,0,"0.88480","0.93120",1568,344,355,21,51,72,"176.8",""
250,0.01,2,0.05,3017097,20000,822,"6.5760",0,0,"0.75680","0.85570",1566,323,356,23,0,152,"156.0",""
250,0.01,2,0.05,4017100,20000,822,"6.5760",0,0,"0.76800","0.86035",1564,327,355,18,0,145,"162.4",""
250,0.01,2,0.05,5017103,20000,822,"6.5760",0,0,"0.81920","0.90670",1586,319,355,19,29,113,"180.0",""
250,0.01,2,0.05,6017106,20000,822,"6.5760",0,0,"0.80800","0.89540",1562,305,366,23,30,120,"169.0",""
250,0.01,2,0.05,7017109,20000,822,"6.5760",0,0,"0.73920","0.85850",1562,332,339,16,0,163,"188.2",""
250,0.01,2,0.05,8017112,20000,822,"6.5760",0,0,"0.80000","0.87305",1564,329,351,11,27,125,"170.8",""
250,0.01,2,0.05,9017115,20000,822,"6.5760",0,0,"0.73280","0.84740",1558,298,349,15,0,167,"164.9",""
250,0.01,2,0.05,10017118,20000,822,"6.5760",0,0,"0.75200","0.85235",1540,323,344,25,0,155,"169.4",""
250,0.01,3,0.05,1025010,20000,822,"6.5760",1,0,"1.00000","1.00000",2346,501,337,0,99,0,"77.6",""
250,0.01,3,0.05,2025013,20000,822,"6.5760",1,0,"1.00000","1.00000",2346,499,395,49,58,0,"228.8",""
250,0.01,3,0.05,3025016,20000,822,"6.5760",1,0,"1.00000","1.00000",2367,484,329,0,95,0,"65.0",""
250,0.01,3,0.05,4025019,20000,822,"6.5760",1,0,"1.00000","1.00000",2349,472,327,0,107,0,"73.0",""
250,0.01,3,0.05,5025022,20000,822,"6.5760",1,0,"1.00000","1.00000",2331,441,413,35,73,0,"226.8",""
250,0.01,3,0.05,6025025,20000,822,"6.5760",1,0,"1.00000","1.00000",2364,462,366,0,102,0,"63.8",""
250,0.01,3,0.05,7025028,20000,822,"6.5760",1,0,"1.00000","1.00000",2331,479,394,40,72,0,"204.8",""
250,0.01,3,0.05,8025031,20000,822,"6.5760",1,0,"1.00000","1.00000",2373,468,351,0,93,0,"79.2",""
250,0.01,3,0.05,9025034,20000,822,"6.5760",1,0,"1.00000","1.00000",2367,478,425,36,69,0,"255.9",""
250,0.01,3,0.05,10025037,20000,822,"6.5760",1,0,"1.00000","1.00000",2322,489,373,35,73,0,"212.4",""
250,0.02,1,0.05,1010172,20000,822,"6.5760",0,0,"0.14720","0.44905",785,31,87,1,0,533,"90.7",""
250,0.02,1,0.05,2010175,20000,822,"6.5760",0,0,"0.16960","0.44545",780,39,99,1,0,519,"103.2",""
250,0.02,1,0.05,3010178,20000,822,"6.5760",0,0,"0.13120","0.40245",777,23,84,2,0,543,"99.7",""
250,0.02,1,0.05,4010181,20000,822,"6.5760",0,0,"0.15680","0.40910",778,29,101,0,0,527,"98.4",""
250,0.02,1,0.05,5010184,20000,822,"6.5760",0,0,"0.16640","0.43200",779,32,102,0,0,521,"118.2",""
250,0.02,1,0.05,6010187,20000,822,"6.5760",0,0,"0.13600","0.43990",769,20,95,1,0,540,"100.0",""
250,0.02,1,0.05,7010190,20000,822,"6.5760",0,0,"0.15040","0.42245",775,23,99,1,0,531,"98.1",""
250,0.02,1,0.05,8010193,20000,822,"6.5760",0,0,"0.16800","0.43660",770,36,97,0,0,520,"93.8",""
250,0.02,1,0.05,9010196,20000,822,"6.5760",0,0,"0.17600","0.45390",773,43,105,2,0,515,"85.1",""
250,0.02,1,0.05,10010199,20000,822,"6.5760",0,0,"0.16960","0.45355",778,41,99,1,0,519,"93.1",""
250,0.02,2,0.05,1018091,20000,822,"6.5760",0,0,"0.32960","0.61270",1566,52,197,17,0,419,"355.7",""
250,0.02,2,0.05,2018094,20000,822,"6.5760",0,0,"0.35360","0.62780",1584,62,204,25,0,404,"352.2",""
250,0.02,2,0.05,3018097,20000,822,"6.5760",0,0,"0.33920","0.60370",1558,68,188,23,0,413,"347.5",""
250,0.02,2,0.05,4018100,20000,822,"6.5760",0,0,"0.32480","0.62740",1560,69,178,17,0,422,"369.0",""
250,0.02,2,0.05,5018103,20000,822,"6.5760",0,0,"0.31360","0.62415",1558,47,185,15,0,429,"333.2",""
250,0.02,2,0.05,6018106,20000,822,"6.5760",0,0,"0.32480","0.60105",1554,59,183,23,0,422,"342.9",""
250,0.02,2,0.05,7018109,20000,822,"6.5760",0,0,"0.35200","0.63175",1576,64,193,27,0,405,"367.5",""
250,0.02,2,0.05,8018112,20000,822,"6.5760",0,0,"0.36320","0.64345",1580,71,196,28,0,398,"340.5",""
250,0.02,2,0.05,9018115,20000,822,"6.5760",0,0,"0.32000","0.62055",1570,71,160,22,0,425,"398.4",""
250,0.02,2,0.05,10018118,20000,822,"6.5760",0,0,"0.32480","0.59820",1558,63,178,25,0,422,"336.7",""
250,0.02,3,0.05,1026010,20000,822,"6.5760",0,0,"0.59200","0.76730",2349,93,263,142,0,255,"541.9",""
250,0.02,3,0.05,2026013,20000,822,"6.5760",0,0,"0.57920","0.75480",2331,83,284,119,0,263,"538.5",""
250,0.02,3,0.05,3026016,20000,822,"6.5760",0,0,"0.55680","0.74070",2352,91,260,108,0,277,"544.0",""
250,0.02,3,0.05,4026019,20000,822,"6.5760",0,0,"0.57760","0.76245",2373,84,265,136,0,264,"603.5",""
250,0.02,3,0.05,5026022,20000,822,"6.5760",0,0,"0.59680","0.77285",2334,86,242,147,0,252,"534.6",""
250,0.02,3,0.05,6026025,20000,822,"6.5760",0,0,"0.58880","0.78320",2328,96,254,132,0,257,"566.1",""
250,0.02,3,0.05,7026028,20000,822,"6.5760",0,0,"0.61600","0.77880",2370,95,276,140,0,240,"554.6",""
250,0.02,3,0.05,8026031,20000,822,"6.5760",0,0,"0.54720","0.72645",2334,77,264,125,0,283,"547.1",""
250,0.02,3,0.05,9026034,20000,822,"6.5760",0,0,"0.58720","0.76950",2358,90,258,138,0,258,"553.3",""
250,0.02,3,0.05,10026037,20000,822,"6.5760",0,0,"0.57440","0.75415",2355,105,258,124,0,266,"571.0",""
500,0.003,1,0.05,1008722,20000,978,"7.8240",1,0,"1.00000","1.00000",936,598,234,0,96,0,"28.5",""
500,0.003,1,0.05,2008725,20000,978,"7.8240",1,0,"1.00000","1.00000",936,577,240,0,88,0,"29.1",""
500,0.003,1,0.05,3008728,20000,978,"7.8240",1,0,"1.00000","1.00000",940,600,222,0,86,0,"27.5",""
500,0.003,1,0.05,4008731,20000,978,"7.8240",1,0,"1.00000","1.00000",937,572,231,0,106,0,"33.5",""
500,0.003,1,0.05,5008734,20000,978,"7.8240",1,0,"1.00000","1.00000",914,566,245,0,100,0,"32.2",""
500,0.003,1,0.05,6008737,20000,978,"7.8240",1,0,"1.00000","1.00000",924,584,235,0,104,0,"31.3",""
500,0.003,1,0.05,7008740,20000,978,"7.8240",1,0,"1.00000","1.00000",925,564,246,0,100,0,"29.3",""
500,0.003,1,0.05,8008743,20000,978,"7.8240",1,0,"1.00000","1.00000",924,589,241,0,89,0,"31.5",""
500,0.003,1,0.05,9008746,20000,978,"7.8240",1,0,"1.00000","1.00000",932,603,227,0,95,0,"28.2",""
500,0.003,1,0.05,10008749,20000,978,"7.8240",1,0,"1.00000","1.00000",929,558,255,0,97,0,"26.9",""
500,0.003,2,0.05,1016641,20000,978,"7.8240",1,0,"1.00000","1.00000",1870,1157,171,0,33,0,"27.0",""
500,0.003,2,0.05,2016644,20000,978,"7.8240",1,0,"1.00000","1.00000",1872,1121,199,0,35,0,"30.3",""
500,0.003,2,0.05,3016647,20000,978,"7.8240",1,0,"1.00000","1.00000",1864,1102,183,0,34,0,"27.9",""
500,0.003,2,0.05,4016650,20000,978,"7.8240",1,0,"1.00000","1.00000",1862,1160,166,0,34,0,"43.4",""
500,0.003,2,0.05,5016653,20000,978,"7.8240",1,0,"1.00000","1.00000",1848,1147,177,0,46,0,"30.2",""
500,0.003,2,0.05,6016656,20000,978,"7.8240",1,0,"1.00000","1.00000",1854,1161,157,0,40,0,"31.3",""
500,0.003,2,0.05,7016659,20000,978,"7.8240",1,0,"1.00000","1.00000",1856,1176,150,0,38,0,"32.5",""
500,0.003,2,0.05,8016662,20000,978,"7.8240",1,0,"1.00000","1.00000",1872,1161,162,0,38,0,"26.9",""
500,0.003,2,0.05,9016665,20000,978,"7.8240",1,0,"1.00000","1.00000",1860,1145,178,0,48,0,"28.2",""
500,0.003,2,0.05,10016668,20000,978,"7.8240",1,0,"1.00000","1.00000",1858,1128,178,0,36,0,"29.0",""
500,0.003,3,0.05,1024560,20000,978,"7.8240",1,0,"1.00000","1.00000",2820,1788,148,0,23,0,"42.9",""
500,0.003,3,0.05,2024563,20000,978,"7.8240",1,0,"1.00000","1.00000",2772,1733,141,0,32,0,"44.3",""
500,0.003,3,0.05,3024566,20000,978,"7.8240",1,0,"1.00000","1.00000",2760,1697,159,0,37,0,"38.4",""
500,0.003,3,0.05,4024569,20000,978,"7.8240",1,0,"1.00000","1.00000",2805,1744,146,0,31,0,"38.0",""
500,0.003,3,0.05,5024572,20000,978,"7.8240",1,0,"1.00000","1.00000",2805,1776,131,0,23,0,"37.5",""
500,0.003,3,0.05,6024575,20000,978,"7.8240",1,0,"1.00000","1.00000",2787,1712,142,0,33,0,"38.4",""
500,0.003,3,0.05,7024578,20000,978,"7.8240",1,0,"1.00000","1.00000",2778,1703,141,0,32,0,"51.9",""
500,0.003,3,0.05,8024581,20000,978,"7.8240",1,0,"1.00000","1.00000",2781,1750,150,0,30,0,"46.0",""
500,0.003,3,0.05,9024584,20000,978,"7.8240",1,0,"1.00000","1.00000",2769,1698,155,0,37,0,"40.1",""
500,0.003,3,0.05,10024587,20000,978,"7.8240",1,0,"1.00000","1.00000",2781,1691,154,0,38,0,"42.9",""
500,0.01,1,0.05,1009422,20000,978,"7.8240",0,0,"0.52000","0.71950",935,197,287,0,0,300,"64.7",""
500,0.01,1,0.05,2009425,20000,978,"7.8240",0,0,"0.52000","0.69995",930,211,277,0,0,300,"70.5",""
500,0.01,1,0.05,3009428,20000,978,"7.8240",0,0,"0.46240","0.67580",926,165,297,0,0,336,"80.0",""
500,0.01,1,0.05,4009431,20000,978,"7.8240",0,0,"0.49280","0.69550",924,191,277,0,0,317,"82.7",""
500,0.01,1,0.05,5009434,20000,978,"7.8240",0,0,"0.52320","0.70315",927,213,279,0,0,298,"71.9",""
500,0.01,1,0.05,6009437,20000,978,"7.8240",0,0,"0.48800","0.67105",926,192,282,0,0,320,"76.2",""
500,0.01,1,0.05,7009440,20000,978,"7.8240",0,0,"0.47040","0.67800",925,191,282,0,0,331,"71.5",""
500,0.01,1,0.05,8009443,20000,978,"7.8240",0,0,"0.51840","0.69285",917,186,306,0,0,301,"69.1",""
500,0.01,1,0.05,9009446,20000,978,"7.8240",0,0,"0.48320","0.67935",927,164,296,0,0,323,"88.3",""
500,0.01,1,0.05,10009449,20000,978,"7.8240",0,0,"0.50720","0.69870",923,182,311,0,0,308,"64.5",""
500,0.01,2,0.05,1017341,20000,978,"7.8240",1,0,"1.00000","1.00000",1858,353,407,0,174,0,"106.7",""
500,0.01,2,0.05,2017344,20000,978,"7.8240",1,0,"1.00000","1.00000",1872,402,358,0,174,0,"89.3",""
500,0.01,2,0.05,3017347,20000,978,"7.8240",1,0,"1.00000","1.00000",1852,382,350,0,186,0,"93.5",""
500,0.01,2,0.05,4017350,20000,978,"7.8240",1,0,"1.00000","1.00000",1854,390,404,15,159,0,"249.6",""
500,0.01,2,0.05,5017353,20000,978,"7.8240",1,0,"1.00000","1.00000",1830,366,382,0,180,0,"90.1",""
500,0.01,2,0.05,6017356,20000,978,"7.8240",1,0,"1.00000","1.00000",1858,371,380,0,180,0,"90.1",""
500,0.01,2,0.05,7017359,20000,978,"7.8240",1,0,"1.00000","1.00000",1848,391,370,0,163,0,"110.2",""
500,0.01,2,0.05,8017362,20000,978,"7.8240",1,0,"1.00000","1.00000",1852,377,354,0,184,0,"76.6",""
500,0.01,2,0.05,9017365,20000,978,"7.8240",1,0,"1.00000","1.00000",1844,353,371,0,191,0,"103.8",""
500,0.01,2,0.05,10017368,20000,978,"7.8240",1,0,"1.00000","1.00000",1844,393,417,12,148,0,"231.7",""
500,0.01,3,0.05,1025260,20000,978,"7.8240",1,0,"1.00000","1.00000",2781,531,417,0,106,0,"105.7",""
500,0.01,3,0.05,2025263,20000,978,"7.8240",1,0,"1.00000","1.00000",2751,557,374,0,111,0,"86.8",""
500,0.01,3,0.05,3025266,20000,978,"7.8240",1,0,"1.00000","1.00000",2751,532,408,0,110,0,"82.6",""
500,0.01,3,0.05,4025269,20000,978,"7.8240",1,0,"1.00000","1.00000",2784,543,402,0,115,0,"83.2",""
500,0.01,3,0.05,5025272,20000,978,"7.8240",1,0,"1.00000","1.00000",2781,542,423,0,114,0,"91.4",""
500,0.01,3,0.05,6025275,20000,978,"7.8240",1,0,"1.00000","1.00000",2787,542,423,0,112,0,"92.3",""
500,0.01,3,0.05,7025278,20000,978,"7.8240",1,0,"1.00000","1.00000",2784,530,405,0,108,0,"94.0",""
500,0.01,3,0.05,8025281,20000,978,"7.8240",1,0,"1.00000","1.00000",2784,523,424,0,117,0,"85.8",""
500,0.01,3,0.05,9025284,20000,978,"7.8240",1,0,"1.00000","1.00000",2790,590,372,0,100,0,"89.2",""
500,0.01,3,0.05,10025287,20000,978,"7.8240",1,0,"1.00000","1.00000",2823,549,394,0,116,0,"103.7",""
500,0.02,1,0.05,1010422,20000,978,"7.8240",0,0,"0.18080","0.45650",921,37,125,3,0,512,"120.6",""
500,0.02,1,0.05,2010425,20000,978,"7.8240",0,0,"0.16160","0.42490",930,36,125,1,0,524,"104.0",""
500,0.02,1,0.05,3010428,20000,978,"7.8240",0,0,"0.16160","0.41985",929,36,113,0,0,524,"125.5",""
500,0.02,1,0.05,4010431,20000,978,"7.8240",0,0,"0.16160","0.43735",940,38,126,0,0,524,"121.4",""
500,0.02,1,0.05,5010434,20000,978,"7.8240",0,0,"0.19680","0.45945",936,47,126,1,0,502,"132.9",""
500,0.02,1,0.05,6010437,20000,978,"7.8240",0,0,"0.18560","0.47745",935,39,139,2,0,509,"129.4",""
500,0.02,1,0.05,7010440,20000,978,"7.8240",0,0,"0.15840","0.45115",941,40,109,3,0,526,"133.8",""
500,0.02,1,0.05,8010443,20000,978,"7.8240",0,0,"0.17600","0.43560",935,41,121,0,0,515,"114.1",""
500,0.02,1,0.05,9010446,20000,978,"7.8240",0,0,"0.14720","0.43635",917,28,124,1,0,533,"116.1",""
500,0.02,1,0.05,10010449,20000,978,"7.8240",0,1,"0","0.00000",930,0,0,0,0,"","120.4","metadata strands lost: a header fragment was damaged in every copy"
500,0.02,2,0.05,1018341,20000,978,"7.8240",0,0,"0.32800","0.60345",1852,77,227,19,0,420,"447.7",""
500,0.02,2,0.05,2018344,20000,978,"7.8240",0,0,"0.29120","0.59720",1830,66,193,19,0,443,"430.2",""
500,0.02,2,0.05,3018347,20000,978,"7.8240",0,0,"0.36160","0.62845",1858,75,233,41,0,399,"456.9",""
500,0.02,2,0.05,4018350,20000,978,"7.8240",0,0,"0.34240","0.62965",1830,72,219,28,0,411,"394.7",""
500,0.02,2,0.05,5018353,20000,978,"7.8240",0,0,"0.33440","0.62715",1864,80,228,20,0,416,"415.1",""
500,0.02,2,0.05,6018356,20000,978,"7.8240",0,0,"0.28960","0.58775",1868,72,206,28,0,444,"421.4",""
500,0.02,2,0.05,7018359,20000,978,"7.8240",0,0,"0.29920","0.58405",1842,68,204,24,0,438,"431.7",""
500,0.02,2,0.05,8018362,20000,978,"7.8240",0,0,"0.30080","0.60285",1854,66,203,23,0,437,"423.9",""
500,0.02,2,0.05,9018365,20000,978,"7.8240",0,0,"0.32960","0.60270",1874,76,223,25,0,419,"428.4",""
500,0.02,2,0.05,10018368,20000,978,"7.8240",0,0,"0.31520","0.63100",1862,69,218,26,0,428,"447.2",""
500,0.02,3,0.05,1026260,20000,978,"7.8240",0,0,"0.56160","0.76090",2769,100,306,147,0,274,"699.6",""
500,0.02,3,0.05,2026263,20000,978,"7.8240",0,0,"0.58400","0.76430",2787,108,319,155,0,260,"631.4",""
500,0.02,3,0.05,3026266,20000,978,"7.8240",0,0,"0.56160","0.77005",2769,111,286,149,0,274,"671.3",""
500,0.02,3,0.05,4026269,20000,978,"7.8240",0,0,"0.57120","0.75110",2787,112,291,159,0,268,"648.6",""
500,0.02,3,0.05,5026272,20000,978,"7.8240",0,0,"0.55040","0.74170",2745,105,313,150,0,281,"641.5",""
500,0.02,3,0.05,6026275,20000,978,"7.8240",0,0,"0.58880","0.76310",2820,101,312,165,0,257,"664.4",""
500,0.02,3,0.05,7026278,20000,978,"7.8240",0,0,"0.62400","0.77690",2811,113,335,169,0,235,"674.5",""
500,0.02,3,0.05,8026281,20000,978,"7.8240",0,0,"0.59200","0.76655",2823,110,312,161,0,255,"680.3",""
500,0.02,3,0.05,9026284,20000,978,"7.8240",0,0,"0.56640","0.75165",2802,100,297,155,0,271,"648.1",""
500,0.02,3,0.05,10026287,20000,978,"7.8240",0,0,"0.58240","0.75570",2766,98,297,174,0,261,"667.6",""
