parity_permille,error_per_base,reads_per_strand,trials,exact,header_lost,mean_guaranteed_exact,mean_actually_correct,nt_per_byte,median_decode_ms
100,0.003,1,10,0,0,0.86752,0.90778,5.824,24.9
100,0.003,2,10,10,0,1,1,5.824,27.9
100,0.003,3,10,10,0,1,1,5.824,33.4
100,0.01,1,10,0,0,0.50656,0.69034,5.824,61.6
100,0.01,2,10,0,0,0.7624,0.8666,5.824,163.5
100,0.01,3,10,1,0,0.92736,0.94792,5.824,194.7
100,0.02,1,10,0,0,0.15824,0.42738,5.824,92.9
100,0.02,2,10,0,0,0.32672,0.6145,5.824,327
100,0.02,3,10,0,0,0.56752,0.75032,5.824,493.6
250,0.003,1,10,10,0,1,1,6.576,26.8
250,0.003,2,10,10,0,1,1,6.576,24.4
250,0.003,3,10,10,0,1,1,6.576,32.7
250,0.01,1,10,0,0,0.49904,0.69859,6.576,66.5
250,0.01,2,10,0,0,0.78784,0.87755,6.576,170.8
250,0.01,3,10,10,0,1,1,6.576,204.8
250,0.02,1,10,0,0,0.15712,0.43445,6.576,98.4
250,0.02,2,10,0,0,0.33456,0.61907,6.576,352.2
250,0.02,3,10,0,0,0.5816,0.76102,6.576,553.3
500,0.003,1,10,10,0,1,1,7.824,29.3
500,0.003,2,10,10,0,1,1,7.824,30.2
500,0.003,3,10,10,0,1,1,7.824,42.9
500,0.01,1,10,0,0,0.49856,0.69139,7.824,71.9
500,0.01,2,10,10,0,1,1,7.824,103.8
500,0.01,3,10,10,0,1,1,7.824,91.4
500,0.02,1,10,0,1,0.15296,0.39986,7.824,121.4
500,0.02,2,10,0,0,0.3192,0.60943,7.824,430.2
500,0.02,3,10,0,0,0.57824,0.76019,7.824,667.6
